chip_id,transistor_count,defect_rate,power_efficiency,has_defect
CHIP_0,7423388,0.0022469308320117397,0.6394859597346982,1
CHIP_1,7550634,0.02686773593849461,1.3823034004225858,1
CHIP_2,5304572,0.05416342146608669,1.2214593348291856,1
CHIP_3,3234489,0.06334782198261472,1.463488288857841,1
CHIP_4,8204212,0.02578876854332023,0.5972803917244525,0
CHIP_5,5472471,0.013935607407282414,1.369975681142197,0
CHIP_6,5523669,0.08349302367992992,1.3422268819392855,0
CHIP_7,8404852,0.09844021807035522,1.3409901416242564,0
CHIP_8,5981505,0.052569018230268584,1.4052314998946822,0
CHIP_9,2766891,0.01716792858483035,1.5147019058395434,1
CHIP_10,5521373,0.027230732651936897,1.7074834995211545,0
CHIP_11,7019877,0.0018390676547466733,0.9047310801923215,1
CHIP_12,4344769,0.0914298806560499,1.737574115270093,0
CHIP_13,1103355,0.011775108289014114,1.2473835233951804,1
CHIP_14,2262752,0.05765164755142536,0.6155874187014967,0
CHIP_15,6664789,0.0274055220687206,0.5878263938659688,0
CHIP_16,6743066,0.055417800251579344,1.0013574780440913,0
CHIP_17,7113790,0.06514203883518642,1.6773454656672013,0
CHIP_18,5721339,0.08297418037072017,1.5615214021113737,1
CHIP_19,4275709,0.020642127176060322,1.6829224470086097,1
CHIP_20,1084654,0.0010995828658480478,1.275903584662414,0
CHIP_21,6147581,0.013688563006880728,1.160298496933236,0
CHIP_22,2954354,0.09000186418481051,0.721178790059426,0
CHIP_23,9242680,0.08738900775625152,0.9922891304139674,0
CHIP_24,3428388,0.05974131021703083,1.1510290492608128,1
CHIP_25,9916786,0.06005168604336534,0.6329006445194258,1
CHIP_26,3663046,0.06650366745462555,0.8309179290668169,0
CHIP_27,6499720,0.01753712786234496,1.3973379410956082,1
CHIP_28,7640913,0.09144119459249599,1.6034946713587848,0
CHIP_29,4416664,0.04187705248920731,1.9975212670894245,1
CHIP_30,4385659,0.03831385282494975,1.8996699970153366,0
CHIP_31,4385357,0.051891770528283754,1.4638477993027874,1
CHIP_32,2465689,0.004696596677505505,1.131872079941108,1
CHIP_33,1068148,0.01662833687560794,1.4542660470623492,0
CHIP_34,2825665,0.07380336164263705,1.678477427120348,1
CHIP_35,3745683,0.008279866792512648,0.677504286385081,0
CHIP_36,5056518,0.060315210946638824,1.1148573345444324,0
CHIP_37,3669995,0.024534910968132095,1.7597034284534259,0
CHIP_38,5997895,0.038929561404197656,1.075749427899566,1
CHIP_39,7397986,0.028869373677069987,1.3578084068407799,1
CHIP_40,2870928,0.03556727164649492,1.3816540412932974,1
CHIP_41,5155299,0.07190459051842456,0.776714379700459,1
CHIP_42,7249859,0.029712171562317504,1.0433531624784327,0
CHIP_43,3305413,0.056640464029689724,1.0017669331128982,1
CHIP_44,4910197,0.047605040219909966,0.5392950627980972,0
CHIP_45,6558019,0.06636711653626481,0.5362876458370329,0
CHIP_46,6414709,0.09368297393247581,1.7475455655136602,0
CHIP_47,1271836,0.07325720972102504,0.9096062149592186,1
CHIP_48,4584702,0.02149403785907568,1.277118149358223,1
CHIP_49,8281369,0.0031183135061284674,0.9480883603831596,0
CHIP_50,3299435,0.02622640442998251,1.9110188676730107,0
CHIP_51,9585377,0.05950779307002549,0.8889451382986606,1
CHIP_52,3658505,0.005142581348425036,1.1444852191084025,0
CHIP_53,2271741,0.04963662472012364,1.8090953757269028,1
CHIP_54,4769315,0.05968428489168892,1.762900350187713,1
CHIP_55,2046797,0.033424389081696086,0.7791521267694159,0
CHIP_56,4047262,0.0770912203745822,1.7039649646935655,0
CHIP_57,1564685,0.010659825313377181,1.187280330106839,1
CHIP_58,3879190,0.007513778173580877,1.2244533081280329,1
CHIP_59,6596411,0.07281887562036034,0.7002199586239157,0
CHIP_60,2007293,0.04954913162061985,0.620902270635687,1
CHIP_61,5774183,0.06884023964277361,1.5919089604606478,0
CHIP_62,4366612,0.04348273386037463,1.2446917285329495,0
CHIP_63,9411855,0.024640203323910682,1.1552760539227693,1
CHIP_64,6267180,0.08191023176741997,1.5942623429785951,1
CHIP_65,8807313,0.07994158789689793,1.6482693484866646,0
CHIP_66,3704238,0.06946964708544268,0.7383622515040303,1
CHIP_67,3630708,0.02721451372299627,1.415337724216462,0
CHIP_68,4494679,0.05902306668690871,0.7030311234165283,0
CHIP_69,6517209,0.03609738969400268,1.6270626290435686,0
CHIP_70,2767640,0.009158207332663416,1.4854327344007092,1
CHIP_71,7723771,0.09173135754622429,1.9349219316251869,0
CHIP_72,2285160,0.01368186309189614,0.6034370245346318,0
CHIP_73,7080526,0.09502373538208025,0.5855820817268815,0
CHIP_74,6173036,0.04460057729579558,0.9232806120398003,1
CHIP_75,2425472,0.018513292883861967,0.892558525603859,0
CHIP_76,1048984,0.054190094737835814,0.8704681986079997,1
CHIP_77,7556168,0.08729458358764083,1.859381870781555,0
CHIP_78,2504384,0.07322248864095612,0.8743192997742592,0
CHIP_79,3230919,0.08065611478614498,0.9079245891929465,0
CHIP_80,7940119,0.06587833667107174,1.6390973936269455,1
CHIP_81,2737095,0.06922765645178525,1.17460976367581,1
CHIP_82,5780450,0.08491956515653193,1.6650658354327719,0
CHIP_83,8469344,0.024966800885918596,0.5980492363465779,0
CHIP_84,3109818,0.04894249636431405,1.2313567905100764,0
CHIP_85,3231785,0.022120944181960225,0.550420400274924,0
CHIP_86,4853339,0.09876680079966471,0.5939798051830318,0
CHIP_87,1996107,0.09440593396866133,1.8596561800166165,0
CHIP_88,8130144,0.00394268113685059,0.7088680566763927,0
CHIP_89,5545583,0.07055751725156885,1.2986310234128258,0
CHIP_90,4747389,0.09252483174156659,1.1166434039010598,0
CHIP_91,5142807,0.018057534512733352,1.021014989388264,1
CHIP_92,8988004,0.05679452305526295,1.8497500185309086,0
CHIP_93,7245035,0.09154882975880418,0.5327350951632343,0
CHIP_94,4602279,0.0033945978585798843,1.4956845292633836,1
CHIP_95,6515989,0.06974202672468399,1.9450916513203256,0
CHIP_96,3121690,0.029734900737255078,1.3402522751927628,0
CHIP_97,1491234,0.09243961953765305,1.9052336930496376,0
CHIP_98,6401218,0.09710582451653678,0.5783868189290357,0
CHIP_99,7914550,0.09442664891134339,1.1281899786112422,0
CHIP_100,7167294,0.04742142166574638,0.8902366864430767,0
CHIP_101,7906726,0.08620426509893135,1.5962314474710948,1
CHIP_102,6888794,0.08445493985350705,1.97194563574587,0
CHIP_103,8558158,0.03191004732432556,0.8847950936663718,0
CHIP_104,7510425,0.08289154741506774,1.4812619022111118,0
CHIP_105,9511017,0.0037007634715492625,0.7971464491396102,0
CHIP_106,8887739,0.059626987848205304,1.3479953818574149,0
CHIP_107,1769598,0.023000883728770308,1.1958987300325044,1
CHIP_108,6292895,0.012056688577727882,1.9580079944473057,0
CHIP_109,8971379,0.007695320162920916,1.4127909090446997,0
CHIP_110,4331068,0.06962887758781398,1.024259558130228,0
CHIP_111,4256415,0.03398749637680661,0.6711436773319001,0
CHIP_112,1874371,0.07247667715287615,0.7268702431024019,1
CHIP_113,6654237,0.006535634079894237,0.8379753949268527,0
CHIP_114,1973548,0.03152903378306104,0.8764499920104469,0
CHIP_115,4344014,0.05394912923753373,1.7759240867617068,0
CHIP_116,8064746,0.07907231648389636,1.3418341824237874,1
CHIP_117,7216204,0.031875250293206994,1.2850863670615498,0
CHIP_118,6193542,0.06258913764370092,0.6721533078038262,0
CHIP_119,3959034,0.08859777482361872,1.7902095400241524,1
CHIP_120,5574293,0.06158631881823046,1.5842214548127256,1
CHIP_121,7706971,0.023295947475363378,0.6015025428500024,0
CHIP_122,1043585,0.0024400781556538024,1.5617526458446531,0
CHIP_123,3539448,0.087009887390093,1.3153073260139692,0
CHIP_124,1109556,0.0021269410850387137,0.6225880186201673,0
CHIP_125,2575557,0.08747016726841994,1.1874509622929847,0
CHIP_126,9306461,0.0528937134027212,1.2270444306950705,0
CHIP_127,3009021,0.09390676985128962,0.7486618102449136,0
CHIP_128,2201482,0.07987832357736654,1.9185472205004235,0
CHIP_129,1542335,0.09979341105333375,1.774963057220993,0
CHIP_130,5270070,0.03507118154517102,1.5035335059936625,1
CHIP_131,7700379,0.0767188288931127,1.193443341500911,0
CHIP_132,4560920,0.04019309136092422,1.1176483123767627,0
CHIP_133,7860006,0.04798756203039089,1.4764602007264314,0
CHIP_134,3484413,0.062750546321837,1.3181478041103583,1
CHIP_135,3907360,0.08736771141863388,0.5934096588228284,0
CHIP_136,6895544,0.09840834691992952,1.2687539731554975,0
CHIP_137,6697469,0.07682734138645182,1.7096054258492592,0
CHIP_138,3235000,0.04177667821673338,1.1888598163954371,0
CHIP_139,7908531,0.04213570022770702,0.5779348663314026,0
CHIP_140,5322252,0.07375823015888915,1.6794172990760496,0
CHIP_141,6822184,0.023877714576830234,0.8020456732039616,0
CHIP_142,1402690,0.011047411313139466,0.8879312523320582,1
CHIP_143,3548421,0.035462215764077654,0.7470595301484438,0
CHIP_144,2954109,0.028723899165408174,0.9953225973072464,0
CHIP_145,5422880,0.02963081204559901,1.6351272585329526,1
CHIP_146,8205547,0.023360775104990995,1.2790787892559061,0
CHIP_147,9323735,0.004209318963636188,0.8073219112260688,0
CHIP_148,7457294,0.001787393473341381,1.8167451172280613,0
CHIP_149,2384250,0.09877223897360315,1.8193727824272938,0
CHIP_150,1061087,0.042777313373586236,1.8058676375690104,1
CHIP_151,7409907,0.03843266471596817,0.858194317072309,1
CHIP_152,2496176,0.06796472826930698,1.1768590162714823,0
CHIP_153,1039353,0.021825388786506417,1.9774844842113126,0
CHIP_154,7484531,0.09499611839502253,1.6580187144649856,1
CHIP_155,4360011,0.0786345014415552,0.5407511318383398,1
CHIP_156,8654909,0.008941100231225952,0.597806886890738,1
CHIP_157,5259622,0.04175807757849284,1.195897065218499,0
CHIP_158,5959617,0.08791183075621647,1.8638303087923402,0
CHIP_159,6725570,0.09447320222914103,1.3080526969290713,1
CHIP_160,1416880,0.04674015112498697,1.2467187620514353,0
CHIP_161,8072695,0.06134113892107077,0.6582105499349459,0
CHIP_162,8433296,0.016703394609207525,1.485170157086441,0
CHIP_163,5965050,0.09911686261369766,1.7331547409003383,0
CHIP_164,1813168,0.02316717013834434,1.0706300112613434,0
CHIP_165,1225281,0.09427317741351257,1.6634177763879912,0
CHIP_166,4782875,0.06496466489923684,1.9467149808512174,1
CHIP_167,3995765,0.060773679487885916,0.8056496886915336,0
CHIP_168,8734102,0.05126885110165086,1.284994446792112,1
CHIP_169,6595108,0.02306698117177587,0.9307069371268633,0
CHIP_170,6674719,0.017652803200550828,1.689281628550759,0
CHIP_171,9658144,0.022048620907017535,1.3663900488217362,1
CHIP_172,7609280,0.018643826214425452,1.4518736263254557,0
CHIP_173,6500306,0.07795844735667534,1.696871239423841,0
CHIP_174,5372093,0.03501252591667301,1.0939557089936822,0
CHIP_175,2561729,0.005784267656339637,1.8726351026105648,0
CHIP_176,6031595,0.09691026301408114,1.2995433008692099,1
CHIP_177,6478047,0.08837858849634257,0.736932234253022,1
CHIP_178,2119043,0.0927752283195213,1.5438486772532036,0
CHIP_179,8103230,0.09949078226464353,1.6898920256573815,0
CHIP_180,3558231,0.01738952492194873,0.9751425156012901,0
CHIP_181,7659908,0.03962420189026588,1.7857688854981295,1
CHIP_182,4080389,0.07582384757040914,1.8592148821486496,0
CHIP_183,2661909,0.06960206180537923,0.9153567310667134,0
CHIP_184,3656138,0.015389590633985506,1.975282209072833,0
CHIP_185,1110078,0.08158331249906178,0.7110672920731376,0
CHIP_186,2915631,0.02244405718366607,0.8030235026037349,0
CHIP_187,7314127,0.02238176148226231,0.7763372588570392,1
CHIP_188,3008187,0.05369744228934136,1.8409845650118055,0
CHIP_189,2659066,0.05929399348417032,1.481438828487443,0
CHIP_190,3148815,0.05800862078378112,0.7281564248334094,1
CHIP_191,8355740,0.009148683739775487,1.1604851275525234,1
CHIP_192,5506259,0.08774608626303804,1.422947037604703,0
CHIP_193,8473915,0.026560004258870607,0.6251961274840749,0
CHIP_194,8658426,0.012951492128280418,1.8236245526110082,0
CHIP_195,7404003,0.08887480798689773,1.7054053031623027,0
CHIP_196,5135314,0.09556514982297534,1.2578101603649574,0
CHIP_197,1910681,0.08621276172654507,1.9506899228887558,0
CHIP_198,2607618,0.08095160747248781,1.1266414689126496,0
CHIP_199,4896830,0.06552419806390218,1.9761654785547467,1
CHIP_200,5336787,0.055085737060913936,1.5018799982054407,0
CHIP_201,3755423,0.008698675991141014,1.4520069098809123,0
CHIP_202,1071295,0.04084532130706987,0.7489323429436775,0
CHIP_203,8613287,0.0372688517012314,1.822891637456966,1
CHIP_204,4445376,0.025975378376032622,1.1412345318809227,1
CHIP_205,6251035,0.0723420113688585,0.7433501086737191,1
CHIP_206,4612600,0.049587573507877084,0.5189112799636386,1
CHIP_207,1825816,0.008104621590764794,1.339633525457574,1
CHIP_208,9763313,0.022018320194981136,1.2910994331840144,0
CHIP_209,3026793,0.06832587636595959,1.5790304335537377,0
CHIP_210,1554594,0.007613085949030019,1.8353870795267033,0
CHIP_211,9536326,0.08512069140487688,0.6191098769645442,1
CHIP_212,4504473,0.04951465270139743,1.5972447355105435,1
CHIP_213,8299695,0.0480586577326648,0.7811179161463733,0
CHIP_214,3204664,0.059240778465951764,1.787265579735746,0
CHIP_215,5341747,0.08246809659251492,1.728595270792484,0
CHIP_216,1686976,0.03478092079021931,1.3111906324783167,1
CHIP_217,3472189,0.06780161525590636,1.5653641979349673,0
CHIP_218,9506404,0.05657319639957911,0.9715251697756226,0
CHIP_219,2241082,0.026702827016942134,1.206751848399222,0
CHIP_220,6184502,0.0878629986355158,1.7324553465657075,0
CHIP_221,7561000,0.07974260216069282,1.1888977957598208,1
CHIP_222,7671458,0.06584518346584255,1.0366973979881626,0
CHIP_223,5892306,0.08505817290942419,1.2413186708754498,1
CHIP_224,4674515,0.08672942009598024,1.7423738786558276,0
CHIP_225,2579159,0.07083629767150348,1.002812071056309,0
CHIP_226,5515488,0.08370133283636721,0.7606423897036156,0
CHIP_227,7041495,0.06974714616692837,1.5680210304961713,1
CHIP_228,9767088,0.06801407717603004,1.7389673190621227,0
CHIP_229,7324167,0.06186113782151843,0.6509562177853,0
CHIP_230,1791971,0.07527166395576412,0.8598111691339171,0
CHIP_231,1501157,0.01586051052930737,0.7129579846414908,1
CHIP_232,5378727,0.08808707591989284,1.02191211737325,0
CHIP_233,5124499,0.0871843527745232,1.175526468358119,1
CHIP_234,6946594,0.0029247283034559146,1.6232395054449598,0
CHIP_235,6106799,0.08258167505647628,1.4767213773225112,0
CHIP_236,5327576,0.012886986747344521,1.4313928512176468,0
CHIP_237,5962140,0.03351188542591419,1.0285624199144816,0
CHIP_238,3799487,0.07435082562916077,1.76217132962714,0
CHIP_239,3904941,0.01607598960483082,1.206930751097247,0
CHIP_240,8983441,0.08179670241190623,1.9686574070227318,0
CHIP_241,6320385,0.0832134177957742,1.4512132074436053,1
CHIP_242,3100021,0.050746773376083625,0.6893971123467542,0
CHIP_243,7928040,0.000638587171683358,1.514266343113151,1
CHIP_244,1618467,0.028703813317491278,0.9876560231475484,0
CHIP_245,6333152,0.061692691837574226,1.529490795029146,0
CHIP_246,8328141,0.09811861780274235,0.6044617222436086,0
CHIP_247,6072148,0.06318135270166685,0.762322155763939,0
CHIP_248,2707923,0.025980358106415982,1.7836058883586796,0
CHIP_249,6134207,0.06340057030996114,0.8407693355352723,0
CHIP_250,9516999,0.05399853797158555,1.75556168786441,0
CHIP_251,7730886,0.07798453951511436,0.9189141326816157,0
CHIP_252,6853584,0.01069806388269584,1.4643228650880615,1
CHIP_253,9170528,0.0761027902502028,1.5412258602647464,1
CHIP_254,5301754,0.05412665786761103,1.2689821297175794,0
CHIP_255,3269042,0.09629920038589947,0.9579660150450969,0
CHIP_256,2983509,0.03418721660386861,0.8189665645566442,0
CHIP_257,8740141,0.06326218931339482,0.5497840318436393,0
CHIP_258,1116381,0.09320281055100176,0.9559196018610857,0
CHIP_259,2521701,0.010250972799067927,1.4797441857969245,0
CHIP_260,7105525,0.09372284872364511,1.907457227672724,0
CHIP_261,4438618,0.06878857223008134,1.806806723394578,0
CHIP_262,8913697,0.00678370591051719,1.6490971648029538,0
CHIP_263,3457184,0.030096356694681626,1.682671014879948,1
CHIP_264,5103022,0.07081720886452816,1.4974773552139928,1
CHIP_265,2418175,0.00673506014687717,0.8904302863490046,0
CHIP_266,4806688,0.05821704601762733,1.860792546058745,1
CHIP_267,8265795,0.034588305695295675,1.506098467858751,1
CHIP_268,4772962,0.062091551776747717,1.3406609464706598,0
CHIP_269,5041776,0.0045742033812512855,0.6664842038202217,0
CHIP_270,3727423,0.08715368061523764,1.1705833157096381,0
CHIP_271,6709840,0.0973488969177397,1.1905374068028896,1
CHIP_272,6130397,0.09688778552856915,1.796845414284005,1
CHIP_273,4451356,0.07496518317429247,1.3199723302816828,0
CHIP_274,4444084,0.013008624013063198,1.0706008234556146,0
CHIP_275,3927109,0.07582631959290226,1.965200492765989,0
CHIP_276,7979451,0.0024586916458801513,0.6660808899894735,0
CHIP_277,9519981,0.0022123551528997255,1.133822642467917,0
CHIP_278,8778484,0.03236102191495412,0.5630370127571079,1
CHIP_279,9503902,0.04886431904046658,1.6098561811503955,0
CHIP_280,7214624,0.07704074178077933,1.877114828298726,1
CHIP_281,5842611,0.06832953766065052,0.9200559943257341,1
CHIP_282,7357182,0.04459027063767484,1.7875125151986813,1
CHIP_283,5335868,0.02736266662816659,0.9383273456928467,0
CHIP_284,3215167,0.09971245001577111,1.8661552424658727,0
CHIP_285,4886402,0.0426181302235973,1.630942855395176,0
CHIP_286,7545535,0.04513870243296755,1.707360165262158,0
CHIP_287,7842385,0.016362382119166918,0.5270098334006817,0
CHIP_288,1688105,0.07948095487499295,1.9442155356110389,0
CHIP_289,2989173,0.06936822257814887,1.590006488105485,0
CHIP_290,4080761,0.02207696127887604,0.9571266430792,0
CHIP_291,2414466,0.00823810456158427,1.7440919972882705,0
CHIP_292,1445101,0.06804993020747131,0.9222817976223949,0
CHIP_293,9106609,0.06545112142811353,1.8091307593491919,1
CHIP_294,8413023,0.027325952699820934,0.6688705856179056,1
CHIP_295,8613269,0.09508635622504104,1.5555289661911935,0
CHIP_296,2105534,0.015105789178090023,1.3110477149673656,0
CHIP_297,5353127,0.043233480104260195,0.6448017052931612,0
CHIP_298,8315360,0.0943615920167599,0.8628407423882585,0
CHIP_299,9073461,0.04197273169261223,0.5186060544159722,0
CHIP_300,1498863,0.06385259476640856,1.2031519481967587,1
CHIP_301,9756262,0.03975943979627943,0.9518978911400006,0
CHIP_302,3676188,0.027421520234867006,1.3975362264466382,0
CHIP_303,4295990,0.09839776479598283,0.9458567115629257,0
CHIP_304,8782937,0.0409334006315043,0.9498786672604771,0
CHIP_305,7526818,0.08940992036791345,1.614789798097405,0
CHIP_306,6491590,0.02299546058910862,0.5722142539675301,0
CHIP_307,7512440,0.02131047040250833,1.8543424927879808,0
CHIP_308,7099628,0.003113408288451136,1.7783958115867722,0
CHIP_309,7555968,0.0651666825375885,1.5017070248396098,0
CHIP_310,3699015,0.03685263437237612,1.3898323551610765,0
CHIP_311,9837590,0.08643582498396371,1.8384537472094784,0
CHIP_312,2172622,0.04732099066915572,0.7779952692930716,1
CHIP_313,3503771,0.09681934279147218,0.6184537432862429,0
CHIP_314,4177825,0.018552551570312114,0.8592652548643072,0
CHIP_315,1996161,0.08686231679556108,1.6918674180502853,0
CHIP_316,5183839,0.07765968527917418,0.552005400089725,0
CHIP_317,1666326,0.0770921844644052,1.3742102526252344,0
CHIP_318,1649150,0.08447832281168877,1.9931562742869648,0
CHIP_319,4375957,0.07610239909429989,1.783544140756309,1
CHIP_320,1118834,0.06262203216314154,1.2821685335653843,0
CHIP_321,4239576,0.013124487768238758,0.5954613639299635,0
CHIP_322,6893309,0.003252617949125192,1.7470602715785648,0
CHIP_323,6948540,0.09208478478156869,1.398467762265816,1
CHIP_324,5249913,0.061665031452073804,0.6723994955893502,0
CHIP_325,5422201,0.07965372909761764,0.6407859272350342,0
CHIP_326,2079600,0.04815223515125501,1.8644402291548885,0
CHIP_327,4503157,0.011730818896239448,1.5038003944071177,0
CHIP_328,9272874,0.012518579220255045,1.7439301989751332,0
CHIP_329,9849851,0.06855652872289714,1.818468350423401,0
CHIP_330,2985588,0.04303058948994627,1.3576585280724833,0
CHIP_331,9640059,0.020052472670033673,1.276169527632562,0
CHIP_332,5197355,0.04915945467414369,1.1456411154814852,0
CHIP_333,2752683,0.006420893707513409,0.9754198816866789,0
CHIP_334,8716868,0.05819714019143988,1.1518939412880678,1
CHIP_335,2004646,0.026899340443509768,1.6608194835952346,0
CHIP_336,4867500,0.07975591006371882,1.4028851465226975,0
CHIP_337,1449395,0.031036195892357378,1.8387849349322691,0
CHIP_338,6143901,0.04552201490818012,1.1650700215687815,0
CHIP_339,7754350,0.0011620539908100637,1.410634368078131,1
CHIP_340,2260386,0.007244688779455888,1.446961329637983,0
CHIP_341,4054390,0.03924935564066848,1.3875457434594882,0
CHIP_342,8019431,0.04799388347171235,1.5539506596282746,0
CHIP_343,4379569,0.060002054811930376,0.8561502025622094,0
CHIP_344,3900603,0.029166257870930325,1.268545666318686,0
CHIP_345,9611474,0.06949818861265426,0.6563372042125215,0
CHIP_346,2646711,0.08601223971892047,1.0767669914672189,0
CHIP_347,6587774,0.07798509888933498,1.2315006029318967,1
CHIP_348,7319707,0.003961882534835715,1.4783363893182087,0
CHIP_349,8967801,0.0480506947257829,1.9257965788793052,1
CHIP_350,2423286,0.010493017841817488,1.4009765998225339,1
CHIP_351,4695961,0.024204501586252748,1.6153908742648397,1
CHIP_352,9217316,0.09866625932671465,1.2593990892428042,0
CHIP_353,4177945,0.014249554290151324,1.4511560470644969,0
CHIP_354,8348340,0.04988881534513561,0.6063983242006601,1
CHIP_355,1183062,0.06181557343181191,0.8815873712627704,0
CHIP_356,3841992,0.0702464970544104,1.042779639807708,0
CHIP_357,5294539,0.05596486834869141,1.2087400325097704,1
CHIP_358,7095929,0.000977084741918366,0.5684731182535756,1
CHIP_359,5944505,0.03264613082439919,0.7100361463299765,0
CHIP_360,1803328,0.05177116433847115,0.9152214616869587,0
CHIP_361,5062958,0.008786649914483335,1.9572990363515759,0
CHIP_362,2043233,0.03506269312091808,0.9970205106545762,1
CHIP_363,7468703,0.0033203108791366566,1.2230615871681239,1
CHIP_364,1529525,0.007857849715502074,0.7941465691075894,0
CHIP_365,1176615,0.03969232762015961,1.4161701066136523,0
CHIP_366,5381932,0.013271575404306036,0.9210248232739615,1
CHIP_367,7665088,0.05675408482615582,0.8104888676576402,0
CHIP_368,8474447,0.06894649691372658,1.2748589426689687,0
CHIP_369,5601020,0.08005866991090829,0.5082586987406312,1
CHIP_370,4699391,0.020015024424481012,0.511496048973838,0
CHIP_371,9929860,0.016748258225906976,0.8286032136527867,0
CHIP_372,8006454,0.010456784033440025,0.5550820437512317,0
CHIP_373,4612610,0.06364302495436368,0.6620386311960371,0
CHIP_374,8031883,0.07064757264869012,1.0082909740081274,1
CHIP_375,3164367,0.003158614482564204,1.7038785193697192,0
CHIP_376,1144356,0.09362122462436899,1.3580729650539514,1
CHIP_377,9744220,0.005197128365147241,1.2690015889346247,0
CHIP_378,9398043,0.05412963353010705,0.9402332348121825,0
CHIP_379,2748014,0.07090605194509164,1.8976305791492245,0
CHIP_380,8156720,0.08709691237460856,1.0955225618557876,0
CHIP_381,3288627,0.07140869321324278,0.6306391501936572,0
CHIP_382,7517963,0.08017280830697919,1.425599774176702,0
CHIP_383,7597519,0.03394501925428061,0.6707575902149021,0
CHIP_384,1764121,0.08148251137465123,1.0178347142025381,0
CHIP_385,8068121,0.008011484638467514,1.2611179080767134,1
CHIP_386,4502630,0.08948166560605277,1.8113337870277637,0
CHIP_387,6698848,0.05475923761537363,1.2403198705101781,1
CHIP_388,2107677,0.08172977699624938,1.5533881490474963,0
CHIP_389,6738852,0.04523182845183002,1.9892252584986054,0
CHIP_390,1288790,0.0643577695196525,0.6972336798469725,0
CHIP_391,6084921,0.052640266093611325,0.9120972882792793,0
CHIP_392,4693305,0.07315895217553318,1.0918641133964697,0
CHIP_393,5466271,0.008162998203058958,1.132742267808247,1
CHIP_394,5385536,0.00603520839905638,1.1165316128983187,1
CHIP_395,2352695,0.024710323401014644,1.8614165038348323,0
CHIP_396,2589228,0.015954468011318834,1.5710489667002847,0
CHIP_397,2100567,0.08717835665922018,1.4118578211360555,1
CHIP_398,8706358,0.021921398735804433,0.9640590767941731,0
CHIP_399,1049115,0.09758652558191314,1.735685576331942,1
CHIP_400,1721747,0.033689579177110685,1.9325907672274834,1
CHIP_401,6392023,0.01821179156886993,1.7317974238253397,1
CHIP_402,6957515,0.07896985071424792,0.5023476577872094,0
CHIP_403,7232753,0.06587077755008762,1.4546020552751107,0
CHIP_404,6246880,0.0498195716453139,0.5767030721631511,0
CHIP_405,2404330,0.055536355093763125,0.8864108305005828,0
CHIP_406,1251492,0.07192017782722639,0.5892870505216575,1
CHIP_407,5035851,0.022845474133129873,1.4056931794240817,0
CHIP_408,1491072,0.09963339160567419,1.5298848702389103,0
CHIP_409,2086880,0.09747931621467831,0.6717314570988577,1
CHIP_410,3055723,0.06503256863469369,1.0757583245674693,1
CHIP_411,3248988,0.019954245092914515,1.184354763433313,1
CHIP_412,3976242,0.06802282424312914,1.0535795326413748,1
CHIP_413,5580081,0.007219840897917585,0.6815375007277895,0
CHIP_414,3648790,0.0030652502205806066,1.128421685281213,0
CHIP_415,4763024,0.025768288851121368,1.6267670717126272,1
CHIP_416,5833177,0.046262295673931635,0.6065114967998833,0
CHIP_417,9272841,0.08682725054083806,0.6202700211228551,0
CHIP_418,4353597,0.0727169069766308,1.0321569377539763,0
CHIP_419,9454561,0.0742706521199981,1.9125885674283876,0
CHIP_420,3597480,0.04254933344480754,1.502858970084371,1
CHIP_421,5197571,0.03459349925469629,1.5180049350088471,0
CHIP_422,7374201,0.03710387629846027,1.0428799862567975,0
CHIP_423,7118900,0.09876495637360579,1.3904911868128076,0
CHIP_424,3922097,0.004010919141248248,0.5151967760416151,0
CHIP_425,1157164,0.08670314961224486,1.4541440696143133,0
CHIP_426,1531831,0.057867540857239344,1.869930421364355,0
CHIP_427,3989475,0.04386154191895905,1.4188602025172288,1
CHIP_428,4369720,0.07252576604151366,1.8105478901995176,0
CHIP_429,5711075,0.04866689414247029,1.5859595831991407,0
CHIP_430,8122313,0.08734232380816606,0.6808376246055354,0
CHIP_431,7854500,0.09007018640112585,1.8536799609287626,0
CHIP_432,3640328,0.04217209268734554,0.5996657665336623,0
CHIP_433,8326434,0.02768277972350516,1.3009512088216457,1
CHIP_434,6063778,0.05923503285933623,0.7132056856901865,0
CHIP_435,4970001,0.0912363345616691,0.5175599160963561,1
CHIP_436,1070640,0.02106621890056666,1.1330513901914585,0
CHIP_437,5122263,0.06229665835634828,0.9425610614812343,0
CHIP_438,5594877,0.06315602200925206,1.2290007406964045,0
CHIP_439,2355531,0.0733113022415281,1.3657998301018262,1
CHIP_440,1675510,0.01315676851272598,0.5656086084634211,0
CHIP_441,4741196,0.07158249646820886,0.6845049426856185,0
CHIP_442,7990102,0.0909032520665641,1.337963594675638,0
CHIP_443,3734296,0.0179683108870242,1.0147510297589872,0
CHIP_444,7706024,0.023754332492387766,1.5937602313241719,0
CHIP_445,1898320,0.09713950940416397,1.4784374728879095,0
CHIP_446,6781565,0.01809769527094898,1.7684065444848602,0
CHIP_447,3007635,0.08543850933695792,1.538739240003838,0
CHIP_448,4264908,0.049227785644803485,1.144896616085222,0
CHIP_449,5260538,0.024723107440317707,1.5094499335916485,1
CHIP_450,7486460,0.08707499012725115,0.9130717613831278,1
CHIP_451,7197323,0.04453052550026655,0.959470248167319,1
CHIP_452,4621581,0.05148173539296902,1.68347773988119,0
CHIP_453,5246238,0.03592333693997657,1.1696292746023733,0
CHIP_454,6963135,0.05929508514349274,1.6975705107775287,0
CHIP_455,9814131,0.016352387258502278,1.7336335605024176,0
CHIP_456,4599865,0.039108153665176074,1.7863435064919257,0
CHIP_457,6382287,0.09694123223352875,1.874952853761811,0
CHIP_458,8990340,0.025813343270112754,1.1464778307699444,0
CHIP_459,2039458,0.06567366645412923,0.9783002274817083,0
CHIP_460,4772811,0.032519006422469486,1.373298119891171,1
CHIP_461,3317336,0.07734731256866006,1.0567586351564413,0
CHIP_462,3763642,0.013087366071834984,1.4016112502003495,0
CHIP_463,8689684,0.09698210450785448,1.558378793965737,0
CHIP_464,4788340,0.04537895413836393,1.5326075277382052,0
CHIP_465,1197775,0.0236050463346464,1.061829330530182,0
CHIP_466,3386488,0.007349674733001266,0.7502903025481292,1
CHIP_467,1787494,0.016975790508754075,1.1457940076933113,1
CHIP_468,6851244,0.051977394855601766,0.7138912161228631,0
CHIP_469,6332660,0.033700317643128634,1.8351455527757126,1
CHIP_470,7837433,0.08288833658826095,1.0188161911067861,1
CHIP_471,6083769,0.043088752366180594,0.7316896208349857,1
CHIP_472,1533636,0.02487142725876299,0.5381716398586263,1
CHIP_473,5232406,0.06171449866040301,1.4687335794297263,0
CHIP_474,3276360,0.07067772168854458,1.4553534761821147,0
CHIP_475,5408249,0.016704190790094987,1.0109062498719374,0
CHIP_476,5426219,0.016761921628831767,0.6075678332714765,0
CHIP_477,9914438,0.0036671426933542976,1.114443342342848,1
CHIP_478,2332397,0.07364020150656406,0.9668262425950904,0
CHIP_479,8517836,0.0663804527621805,1.515680959602514,1
CHIP_480,7646705,0.04746308757498139,1.4086688741790354,1
CHIP_481,6462810,0.08441704489691972,1.04689059229631,1
CHIP_482,9905921,0.08056701529500532,0.8268388313824852,1
CHIP_483,7903836,0.058535436439675216,1.9820539492333877,0
CHIP_484,7243669,0.08682712805132586,1.1810024317941723,0
CHIP_485,2286643,0.020584121003676827,1.5324113536703556,0
CHIP_486,9315390,0.011191961939772788,0.7108294513675412,0
CHIP_487,7200646,0.026974961151698965,1.2283845494890966,0
CHIP_488,7983896,0.005708685608931486,0.5413050798041983,0
CHIP_489,9783148,0.0531169528001032,1.258182676865675,1
CHIP_490,6409861,0.09366056922949616,1.9460261106765535,0
CHIP_491,5939003,0.003934354066850965,1.0763100694787004,0
CHIP_492,7311326,0.01221099140100268,0.5584940188623674,0
CHIP_493,6146386,0.04521990282834353,0.5464336863790153,0
CHIP_494,9415398,0.0933875017527905,1.0819801399203042,0
CHIP_495,1448345,0.03161561049767505,0.7400374046947911,1
CHIP_496,8827494,0.050723480868839245,0.5350281444922789,0
CHIP_497,4685501,0.0041572859050392095,1.6343204209252653,1
CHIP_498,2879490,0.014834320096208886,1.187784513322836,0
CHIP_499,5984445,0.0986630122958847,0.9338671579589818,1
CHIP_500,7939705,0.09651186964360456,1.8501247745247211,0
CHIP_501,8002587,0.0004939980934409616,0.6742084403007884,0
CHIP_502,7742471,0.0951811785423239,1.9338782434329789,0
CHIP_503,2454908,0.06391199378155003,0.9709500760660292,1
CHIP_504,4319144,0.08679182945200221,1.832605508463022,0
CHIP_505,9693670,0.045473985563385916,1.4044143147191923,0
CHIP_506,6806466,0.051559602857925026,1.7400610396122311,1
CHIP_507,6744588,0.04888465802569202,1.9760197448156964,1
CHIP_508,6304509,0.06668642575461044,0.9326081567281186,0
CHIP_509,8668216,0.013965125475631291,1.9417032281113895,1
CHIP_510,5949499,0.0029973589872677956,1.0842228423536304,0
CHIP_511,3387312,0.030792994159119094,1.0782678571053834,0
CHIP_512,4693976,0.07046807627366468,1.0105806563817585,0
CHIP_513,7062903,0.02018534521229484,1.3121114110213778,1
CHIP_514,5408224,0.06734324333249174,0.7312175647677306,1
CHIP_515,5035493,0.09699120461072705,1.3305672280370167,0
CHIP_516,6703737,0.009390071578941839,1.312557218615006,0
CHIP_517,2871403,0.06726021182251263,1.642852718907305,0
CHIP_518,6747372,0.044375021930457115,1.7504749429063784,1
CHIP_519,5848287,0.08681422543775054,1.160662025468636,1
CHIP_520,6658796,0.017714978944738592,0.9534998740272407,0
CHIP_521,1821052,0.06926259522261645,0.8890023459756418,1
CHIP_522,3225300,0.08381152896481103,0.7919357550573078,1
CHIP_523,2855567,0.09446142194740233,0.5864713732985374,0
CHIP_524,2534837,0.06832480282896458,1.01367196825207,0
CHIP_525,4338442,0.04971747640084273,0.9053715381961749,0
CHIP_526,5926203,0.06178472402012139,1.9496260787996111,0
CHIP_527,1423570,0.08689049844787183,1.336563239375066,0
CHIP_528,3373139,0.05706097466388297,1.0209155585457612,0
CHIP_529,6221816,0.0030387059696836863,1.3707014014905439,1
CHIP_530,3114792,0.09309486955069779,0.7087950520185433,0
CHIP_531,9441136,0.06895267510315611,1.1660656238033043,0
CHIP_532,2873421,0.06765133857772465,1.4393514821315958,0
CHIP_533,7550670,0.02156751523977172,1.233346747688677,0
CHIP_534,7081950,0.06588854702326573,1.1026682009814863,0
CHIP_535,7925877,0.03938644056541585,1.9907725833495473,0
CHIP_536,6967106,0.06512329770414921,1.8204721432233906,0
CHIP_537,6118922,0.010659303030799074,1.43510893723916,0
CHIP_538,8177545,0.06578453046030361,1.3540660417734243,0
CHIP_539,6122783,0.09994137257706666,1.430990719736876,0
CHIP_540,6528983,0.0048212038860556035,0.8019681617336498,1
CHIP_541,1160775,0.09771741842213173,1.092706614896478,0
CHIP_542,8349369,0.040690796072287067,0.559189299336349,0
CHIP_543,3667867,0.08707534503372592,1.21331905623024,1
CHIP_544,7655623,0.07823854840582735,1.3145368759364948,0
CHIP_545,8686841,0.05670162609866678,0.8416246041548143,0
CHIP_546,7978737,0.07384492092513266,1.9460432707482707,1
CHIP_547,2344027,0.08785155613013479,1.864181916405863,0
CHIP_548,5166500,0.0404140321651033,1.5832148531838588,0
CHIP_549,8467048,0.032703316156323874,1.3000799431480439,1
CHIP_550,8884479,0.06675933855635847,1.8049537394715274,1
CHIP_551,1497562,0.08078459419412587,0.6959785157351943,1
CHIP_552,5578238,0.07622851347766157,1.6857646914123274,0
CHIP_553,5037776,0.07978136488586346,0.6872312209502724,0
CHIP_554,5010912,0.0435583314812933,1.6913159938241082,0
CHIP_555,5511732,0.08178342161750217,0.9136513523770354,0
CHIP_556,6562067,0.012020905537060846,1.8156358715272833,0
CHIP_557,6237196,0.05444890979608496,1.9160631407380968,0
CHIP_558,5885211,0.0005758660498121571,0.7231939541076735,1
CHIP_559,7126319,0.03245858299002703,1.1940134075980904,0
CHIP_560,2600396,0.03664615348713979,1.9714810672440277,0
CHIP_561,4311149,0.03961726916092554,1.22511115395972,0
CHIP_562,9511010,0.06954672066898622,1.7953212837718178,0
CHIP_563,3496081,0.038855810127034575,1.3830972831969799,0
CHIP_564,1575278,0.04486936226225307,1.0629948618794027,0
CHIP_565,6187480,0.023754413087432747,0.9286753332888054,0
CHIP_566,2178049,0.03732517916293401,0.8048346366291309,0
CHIP_567,4080201,0.02272696272631515,1.6426972870665457,1
CHIP_568,8136029,0.0073195923768443645,1.0798107602345417,1
CHIP_569,4464442,0.060344859338137796,1.2669131933011268,0
CHIP_570,4314692,0.06682127985550163,1.2384882200017728,0
CHIP_571,5719607,0.061949034600961454,1.3659185438496968,1
CHIP_572,7285088,0.04634940438005724,1.7983657184368282,1
CHIP_573,2110389,0.03797857801792298,1.971109015375144,0
CHIP_574,9416320,0.08633336495718252,1.1113763128607255,1
CHIP_575,4912942,0.05190817851362181,1.7412783831594547,0
CHIP_576,9501424,0.0479181877629731,1.6467916919820764,1
CHIP_577,8468810,0.002564206580643569,1.3602934271833598,1
CHIP_578,2635156,0.03412478276261564,1.9340707154178998,0
CHIP_579,9523838,0.03801956187858571,0.8007117732926041,1
CHIP_580,6001045,0.039882278089690054,0.6638963154644322,0
CHIP_581,5463418,0.05801723692273323,1.780942950433133,1
CHIP_582,5345760,0.053360254672687846,1.1587247249506225,0
CHIP_583,8153768,0.060790509279344464,1.7704532813105907,1
CHIP_584,4251298,0.07648832615421283,1.8396353077931225,0
CHIP_585,5465150,0.08129857387160935,0.5936863904286072,0
CHIP_586,9389012,0.07181230762264944,1.825197144479091,0
CHIP_587,8249903,0.09555236959549347,1.1724785830541333,1
CHIP_588,5897590,0.0018232582676361631,1.2656487335063482,1
CHIP_589,7189573,0.01957779856835461,1.4398887666398155,1
CHIP_590,2323483,0.0007562874978142121,1.88957391009513,1
CHIP_591,2722320,0.0647474714154603,0.5286741416446461,0
CHIP_592,3332517,0.0898030548949987,1.2152652024767256,0
CHIP_593,4196340,0.02434822965762993,1.531583063645841,0
CHIP_594,9551881,0.09270345447963067,1.5840604365473427,0
CHIP_595,6387408,0.0060267390289560855,1.5387986473056618,0
CHIP_596,6692493,0.09344360268055144,0.7016526941121828,0
CHIP_597,9247752,0.03516226872396344,0.9490933825575218,0
CHIP_598,2087341,0.010142082844921652,1.0380732881255201,0
CHIP_599,7195200,0.04858717591863257,1.7066558115192576,0
CHIP_600,4977266,0.025677656772050795,0.9181398086218295,0
CHIP_601,6558956,0.028487290196192283,0.8160574458008047,1
CHIP_602,4031756,0.030728996492628658,1.9361720285571442,1
CHIP_603,1843523,0.08030258978326635,0.5132949276702033,1
CHIP_604,9934845,0.05391612766752545,1.9967312835229674,0
CHIP_605,5040479,0.031130769915600365,1.5152319482860934,0
CHIP_606,1092193,0.06103337833109184,1.7427039491736755,1
CHIP_607,2186887,0.07161506742231936,0.9419290945192897,0
CHIP_608,9896761,0.027262400073353378,0.52147291650059,0
CHIP_609,4334817,0.04135491015253515,1.606804277842295,0
CHIP_610,3715514,0.012188609333694755,1.7512168955010137,0
CHIP_611,3658571,0.018114934953468033,1.6107141979302786,0
CHIP_612,5834357,0.06811178539649829,0.7142754309512579,0
CHIP_613,8102173,0.018143834769562696,1.6301418833854537,0
CHIP_614,5892472,0.05251633836670602,1.6533841731614616,0
CHIP_615,1481680,0.07090462617224327,1.4878107735050823,0
CHIP_616,6165679,0.010687692309474384,1.6491738991933793,1
CHIP_617,7180142,0.056731221962890356,1.7688821595165982,0
CHIP_618,6287118,0.025656278370136378,1.4204061713561877,0
CHIP_619,5100673,0.09629268752375798,0.6329070709545186,1
CHIP_620,2534026,0.04835456467199248,1.2314417145008163,0
CHIP_621,9704434,0.08059925497751581,0.6164740020074075,0
CHIP_622,4467366,0.05502265421562618,1.1113145465486463,0
CHIP_623,1327359,0.0043412532854819165,1.1106597336884414,0
CHIP_624,1317537,0.06331513755940224,0.5990147662103624,0
CHIP_625,7953757,0.0951403342206657,1.023230800954219,1
CHIP_626,1550222,0.06016118201463312,0.6664971481869723,0
CHIP_627,5975026,0.08191888594267903,1.7123528150138332,0
CHIP_628,8795134,0.08842064633484079,1.921532038946706,0
CHIP_629,3573619,0.022807977194893247,0.6084747128869079,0
CHIP_630,3453752,0.021204483990822667,1.9326728109375522,0
CHIP_631,8265760,0.06109809888509918,1.2838648990051178,0
CHIP_632,2353038,0.041102846980670474,0.9493485169308109,0
CHIP_633,9639483,0.08398613028667204,0.6152931129142453,0
CHIP_634,5657693,0.09000231233980112,1.2509364021056268,0
CHIP_635,5264694,0.035342137930271814,1.691773316736123,0
CHIP_636,1707689,0.023687055897448208,1.5606297159000473,1
CHIP_637,2296516,0.07805255152438619,0.5753390171959607,0
CHIP_638,4463351,0.02748060355481361,0.6093527530518552,0
CHIP_639,2854971,0.08226143185136785,1.1043099239489558,0
CHIP_640,2849396,0.042373825364876286,0.9429357410719149,1
CHIP_641,3691276,0.06675498992914705,0.8485764845840718,0
CHIP_642,3526954,0.009553531383466818,0.9215067483630703,0
CHIP_643,7549546,0.06238593246765731,1.7052241149453269,1
CHIP_644,9007407,0.04517676787372291,1.893842080447781,1
CHIP_645,8385034,0.058660846317547415,1.1076540417913496,0
CHIP_646,8063410,0.016801420774486344,1.8591665031987457,0
CHIP_647,9001482,0.07368737449441821,0.9822435518718229,1
CHIP_648,2072647,0.08627970775432287,1.2146554795156874,1
CHIP_649,2631107,0.021673980009077567,0.8390434967239996,1
CHIP_650,6106563,0.009571455552016174,1.460714063263766,0
CHIP_651,9234679,0.00236385860463364,1.9684716727622134,0
CHIP_652,7463768,0.0641971500443266,1.4052396440650678,0
CHIP_653,6606594,0.06070940360887808,1.0367211261703233,1
CHIP_654,2950367,0.054669741271407,1.4717261689857926,0
CHIP_655,2910705,0.023194709611597544,0.6843810176980814,0
CHIP_656,2601596,0.03909059959055147,1.832988620398098,1
CHIP_657,4791481,0.05944763351861731,1.2546259261697545,0
CHIP_658,6123122,0.04967668588591694,1.1740246130594632,1
CHIP_659,8757202,0.09877855202148873,1.3787971826802787,0
CHIP_660,7348564,0.013643975255673313,1.4371757941841037,0
CHIP_661,5150276,0.06951445540475938,0.6076637093397695,0
CHIP_662,6723601,0.040431876810429215,1.5239258318351037,1
CHIP_663,6354075,0.04281996149256148,0.8628975204732944,0
CHIP_664,6279548,0.07175977656581763,1.5709289487598848,0
CHIP_665,3382357,0.06924361513243697,1.7338021915762951,1
CHIP_666,8904069,0.09912559937021884,1.7059377613287805,0
CHIP_667,3245131,0.012839428945412524,1.3287514511118337,0
CHIP_668,5246049,0.010410964938416634,1.2802548384661268,0
CHIP_669,9480473,0.07243388171287411,0.7143139420091176,0
CHIP_670,6455770,0.05783869170064091,1.6630192256047034,0
CHIP_671,2072200,0.02741606665598059,0.9071140706700715,0
CHIP_672,3906158,0.00794193689889866,1.2450431342269197,0
CHIP_673,2222869,0.008565824959643054,0.9264111393912751,0
CHIP_674,4125354,0.08941908746641183,0.7007425444995397,0
CHIP_675,5782883,0.01918673247187429,1.444336545337605,0
CHIP_676,7501632,0.03233715621155208,0.5814980522343558,0
CHIP_677,4982588,0.022665640222698805,1.6229678511893,0
CHIP_678,9083123,0.035499630583193734,0.976380192891675,0
CHIP_679,7160686,0.006942384274609337,0.5002020395067279,0
CHIP_680,1635605,0.05190597909082704,1.2666937088558448,0
CHIP_681,8479821,0.0067612563592214904,0.5702778627914047,1
CHIP_682,5583897,0.08003565078223616,0.9142543367313491,0
CHIP_683,8413718,0.023371208191043304,1.5604647311835742,1
CHIP_684,1067661,0.05400119146045106,0.5940344324327989,1
CHIP_685,7859991,0.08800790875614584,1.7590077385340035,0
CHIP_686,8585153,0.06508773690471942,0.5057298839878747,0
CHIP_687,6914988,0.05329577865513353,0.8702358038028534,0
CHIP_688,7558221,0.03243337531153756,1.6113560842281072,1
CHIP_689,2307506,0.03330019130581979,0.9744052245939602,0
CHIP_690,3901614,0.06694869551981901,0.6528385820990203,0
CHIP_691,3966422,0.09941393612211676,1.0403508782006419,0
CHIP_692,4708654,0.06618391898493786,0.9055899295767883,1
CHIP_693,8315436,0.055778341737002496,1.7640678532408325,1
CHIP_694,1118033,0.07306505102392462,0.9700218763777146,0
CHIP_695,6872354,0.046520561228371816,1.683398707664011,0
CHIP_696,2215502,0.0060142342600785215,1.837808217216102,0
CHIP_697,3319049,0.056229681587790986,1.1507261293647943,0
CHIP_698,7292518,0.09576252845053802,1.864914715781588,1
CHIP_699,8587768,0.017530294235765964,1.0659770809447893,0
CHIP_700,4720464,0.06900048908206657,1.9461176247351624,0
CHIP_701,3192614,0.02009336886590565,0.6339342867883594,0
CHIP_702,1770173,0.05358276844730813,1.530528899754864,1
CHIP_703,6642264,0.009667644964671963,1.240721060685393,1
CHIP_704,1467010,0.045037093625818515,1.0814732081834706,0
CHIP_705,2655016,0.07561633288952462,1.4490678181229013,1
CHIP_706,5221038,0.03475715242389821,1.5557856374514967,0
CHIP_707,9376430,0.06649117244872181,0.5065449044754636,0
CHIP_708,4880993,0.07954499607897292,0.750429633120798,0
CHIP_709,3568103,0.09271778194794528,1.569569075951478,0
CHIP_710,9469872,0.023464208185545357,1.4995781203673098,0
CHIP_711,9411883,0.03993159158093082,1.9490712576930158,1
CHIP_712,7482532,0.015241601333041744,1.6415566853761745,0
CHIP_713,6196467,0.09924835021583753,1.926159061597007,0
CHIP_714,6952793,0.09270009679242953,1.5538107523022104,0
CHIP_715,9961343,0.05399571302805596,0.9470783129591647,0
CHIP_716,3000609,0.08420332943764214,0.6580473833762848,1
CHIP_717,3697143,0.05209579772720422,1.6727357950174033,0
CHIP_718,2314532,0.062358568800275974,1.4662238322138739,0
CHIP_719,1421240,0.008912443211601662,0.5722790185899443,1
CHIP_720,1944789,0.0755270420496808,1.0400756988514674,0
CHIP_721,3213573,0.012771348363523484,1.9351997232264293,0
CHIP_722,9914501,0.08260676302525284,1.2506017185653018,0
CHIP_723,3255363,0.0782028087670386,1.149093704029557,0
CHIP_724,9375741,0.07087446977429765,1.186549407738941,1
CHIP_725,6056861,0.0036160380524762115,0.8133240860077455,1
CHIP_726,7436446,0.030312835594532864,1.0530607562971928,0
CHIP_727,5148887,0.02631125699108429,1.054719883980765,1
CHIP_728,4668866,0.03601364074715191,0.5785325302812085,0
CHIP_729,5612338,0.008764274676383854,1.6513514427768774,0
CHIP_730,2033255,0.09369578230310628,1.1247566478558184,0
CHIP_731,8082212,0.05538022407123763,1.733269830224635,0
CHIP_732,9202787,0.030552431065802355,1.775522001679843,0
CHIP_733,5989847,0.039698151707428346,0.8179910820479871,0
CHIP_734,9929285,0.04472025405048357,1.486030223255193,1
CHIP_735,8643603,0.06005943333606173,1.2084227062444726,0
CHIP_736,4094235,0.05156794276964978,1.8202351068822276,0
CHIP_737,6986126,0.09193919732144173,0.8236110187646812,0
CHIP_738,3859653,0.04969634829058303,1.5167198004650664,0
CHIP_739,1387952,0.09921580148233128,1.4116281833790838,0
CHIP_740,2030117,0.08514249577450958,0.9429522163577492,0
CHIP_741,3896818,0.020851051435733584,0.7049013554767589,1
CHIP_742,3357821,0.09305952146439163,1.4774596407159148,0
CHIP_743,9913742,0.01163663978854761,1.607896187198496,0
CHIP_744,6584263,0.08174497084911916,0.973441015645025,0
CHIP_745,1244761,0.03806232934765801,1.4672489060334706,0
CHIP_746,9386180,0.08779743204450696,1.092696361417255,0
CHIP_747,1064323,0.08680566901074505,1.5698103249239266,1
CHIP_748,2237715,0.08059254001176212,0.7988229123410797,0
CHIP_749,9040979,0.07900304363070615,1.8353225039542616,0
CHIP_750,1954480,0.03046791390980408,0.9311143946983695,0
CHIP_751,7681134,0.008091928305125218,1.0516789816342293,0
CHIP_752,1854016,0.04029801787651615,0.5871379281205247,0
CHIP_753,6347417,0.01735245149865087,0.6672683184819146,1
CHIP_754,6809701,0.06949510889024617,1.2737928540684922,0
CHIP_755,9671370,0.034609972653778555,0.9013890150919572,1
CHIP_756,3883427,0.09756102008599149,1.7532203386132916,0
CHIP_757,2416012,0.0640972077345332,0.5220400829824308,1
CHIP_758,6752810,0.0822480563634361,1.0686410730079043,0
CHIP_759,1571650,0.013252467274184844,1.006018320153639,0
CHIP_760,5476576,0.08620144822726226,0.5289914463764016,0
CHIP_761,9774533,0.09227571905133944,0.6865525985007653,1
CHIP_762,3863793,0.048706191881893596,1.120464012377953,0
CHIP_763,5909047,0.06062529377509775,1.2392968766711698,0
CHIP_764,7881289,0.07648098009029955,1.1064346208823037,0
CHIP_765,8422212,0.017483862726041254,1.2964065176181407,1
CHIP_766,4757974,0.050256607646344244,1.3926975123585223,0
CHIP_767,9791689,0.03986630277723131,0.5148857316917534,1
CHIP_768,8211179,0.014637399216224912,1.1961427391802557,0
CHIP_769,9767500,0.036753442229153145,1.9452488613313825,0
CHIP_770,5199591,0.006817230938549357,1.2785484201943231,0
CHIP_771,6500545,0.0025811906949486985,1.5163134011884298,1
CHIP_772,9291923,0.013516628915482276,0.9677957868753249,0
CHIP_773,4154240,0.0963115111589174,1.6609870672291438,1
CHIP_774,8796324,0.054952953589501696,1.6593822228141726,0
CHIP_775,9112074,0.096582216115322,1.2819440714812085,0
CHIP_776,3190222,0.0432497878330132,1.9640207349188203,0
CHIP_777,3719269,0.03118161330852596,0.68832532214398,0
CHIP_778,8235574,0.050614186284024414,0.5254214973343715,1
CHIP_779,6672354,0.043951168863291014,1.655237317635644,1
CHIP_780,6205597,0.010566468426174392,1.7107333060473238,1
CHIP_781,6284958,0.06408263146902063,0.6803108436808644,1
CHIP_782,1786667,0.02160381825095996,0.8983742494379091,0
CHIP_783,2712503,0.06195879548978296,0.5263285450499433,0
CHIP_784,4609736,0.06502010923981534,0.939962916170847,1
CHIP_785,9060833,0.015202485312864812,1.6597128108780073,0
CHIP_786,7638155,0.006134962711066816,1.2769407915688684,1
CHIP_787,2384418,0.07807615860684398,1.0221433897524321,1
CHIP_788,1386594,0.04598004237693202,1.0576089423594954,0
CHIP_789,3869760,0.00581637955054758,0.5020304385732022,1
CHIP_790,2092501,0.09948663171697672,0.9497007913478539,0
CHIP_791,6238331,0.005778056099636664,1.4696881124568957,0
CHIP_792,9525631,0.06950352288585532,1.9612916657245356,0
CHIP_793,2135964,0.09836789252634137,1.7705912404758493,0
CHIP_794,3155748,0.023918010421592563,0.5353924469682937,0
CHIP_795,4925282,0.014224936868719618,1.847840907012259,0
CHIP_796,1873172,0.01213849394224289,1.6747976199479389,1
CHIP_797,9910852,0.030327514756759558,1.6705641853564706,1
CHIP_798,6655378,0.01010458110106467,1.1869936385053572,0
CHIP_799,5873594,0.06921613416941319,1.0970079394317542,0
CHIP_800,5063309,0.0062291798130062696,0.954373593249789,1
CHIP_801,7941245,0.050942212814978974,0.5985422884315487,0
CHIP_802,8817304,0.09966968538529769,0.8423530452405487,0
CHIP_803,1829735,0.08139702695060189,0.8699054524670369,0
CHIP_804,8021862,0.06152194382310109,1.2261156045653023,0
CHIP_805,9351245,0.030625362078661168,1.621166609895041,0
CHIP_806,6282591,0.06238958362916385,1.2107147425969198,1
CHIP_807,8483058,0.05270414639116516,0.5867666741707409,0
CHIP_808,3562469,0.04260833838903715,1.9366847014823059,0
CHIP_809,4086176,0.013071037674019948,1.9140864786411684,0
CHIP_810,7509590,0.08866042152404668,1.6777843147226126,0
CHIP_811,6345854,0.04497846488213225,1.9869918523463308,0
CHIP_812,8490200,0.019462251182076507,1.3167234992003944,1
CHIP_813,5883680,0.036775935087728966,1.944152525379809,1
CHIP_814,4681262,0.041412975252892704,0.6134075609251262,0
CHIP_815,5633078,0.08275378955668744,1.048521122392057,1
CHIP_816,3609089,0.0733614380561402,0.8380719020101488,1
CHIP_817,3508749,0.07693048936413399,0.793749626201405,1
CHIP_818,1914228,0.0011031264428647215,0.7112044233390141,0
CHIP_819,1953959,0.041615399817976156,1.433620462348995,0
CHIP_820,8905477,0.04813441516353237,1.6719827836209575,0
CHIP_821,4369538,0.0019192276823056687,1.367447599130541,0
CHIP_822,1345266,0.025981320874503423,0.7204440643823145,0
CHIP_823,5537358,0.0760289823122135,1.7166856549002063,0
CHIP_824,7867100,0.013710970572899906,1.4539320607455928,1
CHIP_825,6275034,0.05353101314525917,1.0822485591904933,1
CHIP_826,8553974,0.021520187201723752,1.5111954433040944,1
CHIP_827,7097091,0.0012120774643893273,0.8898574688642493,0
CHIP_828,4177993,0.02412014575995415,1.0177883127413159,0
CHIP_829,8705092,0.09758737549100538,1.8762287646979854,0
CHIP_830,8583354,0.08015371118829896,0.9357567585071306,0
CHIP_831,4131209,0.09595766443210335,1.204982402236905,0
CHIP_832,6813365,0.04878540439263625,1.835211706094022,0
CHIP_833,5057893,0.010973619867750351,1.5615820254012913,0
CHIP_834,6691276,0.0547959488973693,0.5933048392470541,1
CHIP_835,6397662,0.04543773345599609,0.7209545664184556,0
CHIP_836,2805468,0.0844357082739616,0.5117623861578753,1
CHIP_837,4427975,0.00980825807842446,1.4463826853437451,0
CHIP_838,7356228,0.04882411370217782,1.1715101381156274,0
CHIP_839,9514716,0.015004866469398427,0.7014122763534133,0
CHIP_840,6525633,0.032467592689006,1.9369011815851556,0
CHIP_841,3080154,0.07373570773877997,1.2944895859184298,0
CHIP_842,3244702,0.04760181293687665,0.8628399411693337,0
CHIP_843,4377778,0.037588828514576934,1.2509053567320614,0
CHIP_844,6735193,0.03944762785700354,1.5194304991026617,0
CHIP_845,8726890,0.045944676840598664,0.6143588269603467,0
CHIP_846,6897498,0.0785016543837057,0.912055722571838,1
CHIP_847,9357956,0.08920846889402345,1.7104482363259903,0
CHIP_848,9204298,0.09553346865039283,1.189497305603992,1
CHIP_849,9776957,0.07869033862552952,1.3198657130484424,0
CHIP_850,6843493,0.03154068957480127,1.1492240033142038,1
CHIP_851,4386501,0.06881347060865421,0.5658499139645077,1
CHIP_852,8395350,0.043760312405539195,0.7486246697302339,0
CHIP_853,5588334,0.02546706220460512,1.1683124581128363,0
CHIP_854,9464685,0.08408715794259226,0.8137781981118917,1
CHIP_855,8168362,0.0038426348962325,0.5749685429895182,0
CHIP_856,5327819,0.09017619921354236,1.7654744960777355,0
CHIP_857,8284953,0.04614774646247342,1.9717887937461738,0
CHIP_858,2255564,0.06372014768082805,1.6897143109951092,1
CHIP_859,9514493,0.06593539222057827,1.7806773825570006,1
CHIP_860,9930264,0.08951177407065364,0.862965695475568,0
CHIP_861,5424507,0.06366696821672073,1.9409404632697997,0
CHIP_862,3792427,0.06139335847600618,0.7953885566801426,0
CHIP_863,4357679,0.006665204056068997,1.9271447155427484,0
CHIP_864,6748035,0.05184080219452041,1.9922289409489267,1
CHIP_865,5390020,0.015016900081704166,1.5675842086190732,0
CHIP_866,3681719,0.07374337687214856,1.9717155976877327,0
CHIP_867,1890695,0.05122219208126745,1.3543096693506556,0
CHIP_868,1838761,0.06802277792083533,0.8893126747641356,1
CHIP_869,8367664,0.004167290060238427,1.1554938284984313,0
CHIP_870,9888923,0.008479201604580322,1.3903414030681789,0
CHIP_871,6352825,0.07163233880626822,0.6096223430405225,0
CHIP_872,9887324,0.0072084335998673366,1.433514896925869,0
CHIP_873,4321127,0.0071256727765258605,1.9717667551434417,0
CHIP_874,3559272,0.0012108475234887451,0.7851614746755915,0
CHIP_875,3276106,0.09565013982994802,1.688892674432575,0
CHIP_876,7960534,0.07375083594590069,1.861848190669429,1
CHIP_877,8374592,0.03532514085020642,1.9155523892303312,1
CHIP_878,7575716,0.029653558128765523,1.9402034066081708,1
CHIP_879,3002324,0.03497032297458496,1.282189458082208,0
CHIP_880,7262105,0.0774653531181182,1.9659618619872554,1
CHIP_881,7671318,0.06613706110704144,1.6359653107016583,0
CHIP_882,1494592,0.018519556786746796,0.7425071543554429,0
CHIP_883,4578226,0.017410933533408435,1.215350159701955,0
CHIP_884,7149031,0.009839564971339733,1.577496763058006,0
CHIP_885,3427540,0.06603027197013382,0.8710104737286251,0
CHIP_886,2715630,0.0764372662221736,1.460922775323331,0
CHIP_887,1318408,0.026504642832500404,1.499900718569929,0
CHIP_888,9856884,0.002094496103091281,0.7440496157128489,0
CHIP_889,9900019,0.008217166747642736,1.3476279686791344,0
CHIP_890,4117172,0.09678600348450306,1.6574403664679116,0
CHIP_891,7304680,0.029544477747742028,1.2483434968039129,0
CHIP_892,5235042,0.07692231478381337,0.5181546751641611,1
CHIP_893,2898739,0.06246635688542638,0.5135577036189383,1
CHIP_894,2017433,0.038193963965289596,1.0355440159550182,0
CHIP_895,9104010,0.02056872621955551,1.889291102647673,0
CHIP_896,5661029,0.012138641815940644,0.8430151694054131,0
CHIP_897,4678086,0.06150129680388666,1.4515455333075307,1
CHIP_898,2581530,0.0774633780637788,0.8331138060399809,0
CHIP_899,3087258,0.06439042535411307,0.982504984489323,0
CHIP_900,5856447,0.05303021332491584,1.772063134402226,0
CHIP_901,9369066,0.004195122343163627,1.5932921634049202,0
CHIP_902,7857658,0.09684887775943839,0.6430989159698159,0
CHIP_903,1996530,0.07987141916545747,1.1430530314796505,1
CHIP_904,3601623,0.029282203670096475,0.5437546454678968,0
CHIP_905,7231219,0.09799703293588508,1.2213352199045135,0
CHIP_906,5108997,0.060188158963632214,1.4936510175516022,1
CHIP_907,4364695,0.05824226582072465,0.6777539353972273,1
CHIP_908,2045482,0.07480731794295321,0.9333274083637485,0
CHIP_909,6786265,0.08117697880901376,1.0967549382532353,0
CHIP_910,6908635,0.06564786073315027,1.8792965369840746,0
CHIP_911,8487345,0.012809574636620004,1.9898825231344461,1
CHIP_912,1570451,0.03382675059944984,0.5673669484934238,0
CHIP_913,9408424,0.09280836403260498,1.641511885243088,1
CHIP_914,1967344,0.022461561184385193,1.057586099603515,0
CHIP_915,3412149,0.037216702383751334,1.08868727934422,0
CHIP_916,6398869,0.0432076882944196,1.631397460020534,0
CHIP_917,4352252,0.04394049896944522,1.877639648218113,0
CHIP_918,4732839,0.06129395824945255,1.9263928917538227,0
CHIP_919,8022336,0.09430758377447077,1.3656838790574812,0
CHIP_920,6768927,0.024069271183250498,1.0356817389507542,0
CHIP_921,3878604,0.012150137630091807,1.681323628788169,1
CHIP_922,5327858,0.019747048985993734,0.8765020748934504,0
CHIP_923,8433533,0.08869249002092695,1.3461110432502768,1
CHIP_924,9652831,0.0645810812655206,1.0378676922873098,0
CHIP_925,6984684,0.028590678923916014,1.484946610561814,0
CHIP_926,3694287,0.08159469389686173,0.8605983693402603,0
CHIP_927,7511634,0.08613699963634361,0.7873894186022387,0
CHIP_928,5621056,0.0846514338690278,1.8773586300131555,1
CHIP_929,9976973,0.09189265336395545,0.6527055244243054,0
CHIP_930,1703662,0.02522410201733616,1.2589368616023975,0
CHIP_931,2305585,0.07550419287462784,0.8312791744445134,0
CHIP_932,5092097,0.046053949727414,0.5583949449885012,0
CHIP_933,3659440,0.08419985528900616,0.5540282274371395,0
CHIP_934,4943645,0.07284906771616133,0.762832658158741,1
CHIP_935,5495013,0.07764474464997247,1.8001555317590003,1
CHIP_936,7094467,0.06561618376810716,0.92371811596554,0
CHIP_937,6517366,0.017742876946970687,1.9256887558629436,0
CHIP_938,4448678,0.05450269188969384,1.3724334394837903,0
CHIP_939,6211593,0.09846697395245083,1.1549212846531491,0
CHIP_940,9370262,0.0937388066497119,1.370133252004182,0
CHIP_941,5846769,0.0043173735797011675,1.2750475778394017,0
CHIP_942,8449607,0.016481481572943713,1.6381643806359878,0
CHIP_943,5043064,0.013172877345456191,0.9237440989592784,0
CHIP_944,3602967,0.07259799099852955,1.0295755874004535,0
CHIP_945,4438550,0.08177853298569451,1.841141453799876,0
CHIP_946,1076218,0.02135113663106719,1.9196847697256083,0
CHIP_947,7878974,0.0505852692951829,1.8388373412297119,0
CHIP_948,1770044,0.08407030280112,1.1291719909359703,1
CHIP_949,6579079,0.07328015447662506,1.6705482545103225,0
CHIP_950,4185714,0.05422372054918483,1.2145035999516482,0
CHIP_951,2728096,0.05903476904587729,1.2463097782191532,0
CHIP_952,9736347,0.050836054691627997,0.807020163585926,1
CHIP_953,9860935,0.02975484513188206,1.3866954548877746,0
CHIP_954,8667105,0.05650219928590161,0.779203846630022,0
CHIP_955,3694946,0.06888853020500907,0.9973470486007907,0
CHIP_956,5229215,0.08733229158608077,1.7825453024299027,1
CHIP_957,2922135,0.06362913539792481,0.8106137138162828,1
CHIP_958,8021855,0.0761121537043158,0.6067374277601492,0
CHIP_959,1978039,0.0160071634954573,0.6035113889192245,1
CHIP_960,9997354,0.04615574744197899,1.9111767807546618,1
CHIP_961,8352207,0.0009331619827093297,1.2603806569427518,1
CHIP_962,1499876,0.024667886452162304,1.1141181077255276,0
CHIP_963,2962165,0.07264617151130048,1.7163178715118776,0
CHIP_964,8985620,0.09918099513493635,1.753738891865774,0
CHIP_965,1611213,0.009917809958721591,0.9982865496734069,1
CHIP_966,1768734,0.040149431586128825,1.5404270862106928,0
CHIP_967,8750575,0.08000709686991596,1.6566842237778299,0
CHIP_968,5241361,0.020403563462889886,1.4819760302989318,0
CHIP_969,6511174,0.05550849493022863,0.7273926122001491,1
CHIP_970,2839433,0.07330712960296748,1.8138246252755854,1
CHIP_971,7569632,0.06159854502601791,1.3086418291040132,0
CHIP_972,4672214,0.018802473461541614,0.9237086395550056,1
CHIP_973,3026580,0.035538456868573945,1.137842278156541,0
CHIP_974,8229039,0.07837917844853973,0.5563566355983611,1
CHIP_975,8507324,0.055422651413201664,0.6918002018336263,0
CHIP_976,7202258,0.0005229613542912737,1.6483201257737914,0
CHIP_977,5339235,0.0760990760028094,0.5000174521330492,1
CHIP_978,4526737,0.003531135494023907,1.1248487427234384,0
CHIP_979,9790529,0.07457337827312321,1.2837652716283827,1
CHIP_980,3008960,0.02024805601652374,0.5819516300014584,0
CHIP_981,5455214,0.09580734801193802,1.9596172444584994,0
CHIP_982,9476563,0.03679407513020845,0.839187996874508,0
CHIP_983,7918889,0.032693161633807914,0.9562980794544214,0
CHIP_984,4816446,0.014888805033244468,0.9559137683825409,0
CHIP_985,4376513,0.03056042154902149,0.8456249931760249,0
CHIP_986,2937878,0.08766507618282006,0.5022107331294672,0
CHIP_987,7193956,0.09963343376272474,1.5940171911319945,0
CHIP_988,2705215,0.03683095305068484,1.950268249698928,1
CHIP_989,6437149,0.04486106309545426,0.8364402249275675,1
CHIP_990,8271476,0.07220709382027371,1.4945707877051335,0
CHIP_991,7429611,0.08861957804650746,1.6128444904380728,1
CHIP_992,4266402,0.059304433418678415,1.772638068635787,0
CHIP_993,9121849,0.03915256981778294,1.1339437955204137,0
CHIP_994,9104789,0.041262184084862374,0.9543963584606439,1
CHIP_995,5108880,0.06956181464968068,0.9879427010345467,1
CHIP_996,6499593,0.0003218263604278682,1.5689319996477693,0
CHIP_997,5261946,0.061958933745984074,1.725169199758454,1
CHIP_998,1090093,0.03554930104413574,0.772420951634904,0
CHIP_999,2732465,0.07941973312770843,1.0564115122366478,1
